<?xml version="1.0" encoding="UTF-8"?>
<beans xmlns="http://www.springframework.org/schema/beans"
	xmlns:xsi="http://www.w3.org/2001/XMLSchema-instance"
	xmlns:c="http://www.springframework.org/schema/c"
	xmlns:p="http://www.springframework.org/schema/p"
	xsi:schemaLocation="http://www.springframework.org/schema/beans http://www.springframework.org/schema/beans/spring-beans.xsd">

<!-- 
xmlns:namespace=schema
namespace:tags/attributes
 -->
 
<!-- Constructor Injection -->
<bean id="Nilay" class="com.sujata.producer.Singer" c:song="LALALALALA">
</bean>
<!-- 
<bean id="Nikhil" class="com.sujata.producer.Singer">
</bean>
 -->
 
 <!-- Setter Injection -->
<bean id="Keshav" class="com.sujata.producer.Juggler" p:balls="8">
</bean>

<bean id="Parag" class="com.sujata.producer.Dancer"></bean>

<bean id="guitar" class="com.sujata.producer.Guitar"></bean>
<bean id="drum" class="com.sujata.producer.Drum"></bean>
<bean id="tabla" class="com.sujata.producer.Tabla"></bean>

<bean id="DhanaRaju" class="com.sujata.producer.Instrumentalist" p:instrument-ref="guitar">
</bean>



<bean id="Avinash" class="com.sujata.producer.Instrumentalist" c:instrument-ref="drum">
</bean>
</beans>
