<?xml version="1.0" encoding="UTF-8"?>
<beans xmlns="http://www.springframework.org/schema/beans"
	xmlns:xsi="http://www.w3.org/2001/XMLSchema-instance"
	xmlns:c="http://www.springframework.org/schema/c"
	xmlns:context="http://www.springframework.org/schema/context"
	xmlns:jdbc="http://www.springframework.org/schema/jdbc"
	xmlns:mvc="http://www.springframework.org/schema/mvc"
	xmlns:p="http://www.springframework.org/schema/p"
	xsi:schemaLocation="http://www.springframework.org/schema/beans http://www.springframework.org/schema/beans/spring-beans.xsd
		http://www.springframework.org/schema/context http://www.springframework.org/schema/context/spring-context.xsd
		http://www.springframework.org/schema/jdbc http://www.springframework.org/schema/jdbc/spring-jdbc.xsd
		http://www.springframework.org/schema/mvc http://www.springframework.org/schema/mvc/spring-mvc.xsd">

<context:annotation-config></context:annotation-config>
<context:component-scan base-package="com.sujata"></context:component-scan> <!-- will look for all the classes inside com.sujata 
and run the life cycle of all the beans/classes annotated with @Component, @Repository, @Service,@Controller -->

<bean id="" class="org.springframework.web.servlet.view.InternalResourceViewResolver">
<property name="prefix" value="/WEB-INF/views/"></property>
<property name="suffix" value=".jsp"></property>
</bean>

<bean id="dataSource" class="org.springframework.jdbc.datasource.DriverManagerDataSource" p:driverClassName="com.mysql.jdbc.Driver"
p:url="jdbc:mysql://localhost:3306/synechrondb" p:username="root" p:password="sujata">
</bean>

<bean id="jdbcTemplate" class="org.springframework.jdbc.core.JdbcTemplate" c:dataSource-ref="dataSource"></bean>


</beans>
